<?xml version="1.0" encoding="UTF-8"?>
<project-private xmlns="http://www.netbeans.org/ns/project-private/1">
    <editor-bookmarks xmlns="http://www.netbeans.org/ns/editor-bookmarks/2" lastBookmarkId="1">
        <file>
            <url>src/service/ThongKeServiceImpl.java</url>
            <bookmark id="1">
                <name/>
                <line>28</line>
                <key/>
            </bookmark>
        </file>
    </editor-bookmarks>
    <open-files xmlns="http://www.netbeans.org/ns/projectui-open-files/2">
        <group>
            <file>file:/D:/NEW/DA1_JV/src/view/view_hoaDon.java</file>
            <file>file:/D:/NEW/DA1_JV/src/dangNhap/viewDangNhap.java</file>
        </group>
    </open-files>
</project-private>
